year,month,week,origin,volume_tonnes,price_high,price_mid,price_low,approx_fish_count,week_number,week_id
2004,1,1,各地,49.2,27300.0,6009.0,2100,197,1,2004-01-1
2004,1,2,各地,35.8,8400.0,5384.0,2625,143,2,2004-01-2
2004,1,3,各地,30.0,11550.0,5345.0,2100,120,3,2004-01-3
2004,1,4,各地,35.6,26250.0,5193.0,1575,142,4,2004-01-4
2004,2,1,各地,32.0,21000.0,6002.0,1365,128,5,2004-02-1
2004,2,2,各地,37.8,27300.0,5690.0,2100,151,6,2004-02-2
2004,2,3,各地,31.3,24150.0,5661.0,1575,125,7,2004-02-3
2004,2,4,各地,32.9,17850.0,5069.0,1575,132,8,2004-02-4
2004,3,1,各地,34.7,27300.0,4416.0,2100,139,9,2004-03-1
2004,3,2,各地,38.7,18900.0,4701.0,1575,155,10,2004-03-2
2004,3,3,各地,37.1,18375.0,5925.0,1575,148,11,2004-03-3
2004,3,4,各地,41.2,14700.0,4471.0,1575,165,12,2004-03-4
2004,4,1,各地,33.3,16800.0,6355.0,1575,133,13,2004-04-1
2004,4,2,各地,31.4,13650.0,5584.0,1575,126,14,2004-04-2
2004,4,3,各地,36.0,10500.0,4523.0,1365,144,15,2004-04-3
2004,4,4,各地,36.5,8925.0,4001.0,1050,146,16,2004-04-4
2004,4,5,各地,37.6,9975.0,4297.0,735,150,17,2004-04-5
2004,5,1,各地,38.5,10500.0,4152.0,1365,154,18,2004-05-1
2004,5,2,各地,42.6,12600.0,4180.0,2100,170,19,2004-05-2
2004,5,3,各地,39.7,7875.0,3447.0,1050,159,20,2004-05-3
2004,5,4,各地,42.2,7875.0,2949.0,1365,169,21,2004-05-4
2004,6,1,各地,35.2,7665.0,2617.0,1365,141,22,2004-06-1
2004,6,2,各地,39.2,9450.0,2504.0,1260,157,23,2004-06-2
2004,6,3,各地,34.0,6300.0,2490.0,1365,136,24,2004-06-3
2004,6,4,各地,35.2,13650.0,2908.0,1050,141,25,2004-06-4
2004,7,1,各地,33.4,15750.0,2379.0,1050,134,26,2004-07-1
2004,7,2,各地,48.0,8610.0,1884.0,1050,192,27,2004-07-2
2004,7,3,各地,53.6,12600.0,1450.0,630,214,28,2004-07-3
2004,7,4,各地,52.8,11550.0,2093.0,420,211,29,2004-07-4
2004,7,5,各地,44.2,11550.0,3134.0,1050,177,30,2004-07-5
2004,8,1,各地,38.3,11550.0,3243.0,1470,153,31,2004-08-1
2004,8,2,各地,55.0,6615.0,2774.0,945,220,32,2004-08-2
2004,8,3,各地,43.7,9975.0,2640.0,525,175,33,2004-08-3
2004,8,4,各地,34.1,11550.0,3188.0,1365,136,34,2004-08-4
2004,9,1,各地,30.3,9450.0,4180.0,1785,121,35,2004-09-1
2004,9,2,各地,37.1,11550.0,3556.0,1365,148,36,2004-09-2
2004,9,3,各地,36.4,11550.0,3582.0,1785,146,37,2004-09-3
2004,9,4,各地,46.3,11550.0,3650.0,1680,185,38,2004-09-4
2004,9,5,各地,43.3,8925.0,3758.0,2100,173,39,2004-09-5
2004,10,1,各地,42.5,6300.0,3415.0,1365,170,40,2004-10-1
2004,10,2,各地,40.0,10500.0,4060.0,1575,160,41,2004-10-2
2004,10,3,各地,38.1,9450.0,3864.0,1575,152,42,2004-10-3
2004,10,4,各地,40.9,10500.0,3746.0,1575,164,43,2004-10-4
2004,11,1,各地,43.6,11550.0,4009.0,1890,174,44,2004-11-1
2004,11,2,各地,46.9,10500.0,3608.0,1155,188,45,2004-11-2
2004,11,3,各地,37.9,8925.0,4641.0,1575,152,46,2004-11-3
2004,11,4,各地,41.4,9765.0,4347.0,1575,166,47,2004-11-4
2004,12,1,各地,38.3,8925.0,4917.0,1050,153,48,2004-12-1
2004,12,2,各地,47.6,12600.0,5006.0,1365,190,49,2004-12-2
2004,12,3,各地,53.5,8400.0,4422.0,1050,214,50,2004-12-3
2004,12,4,各地,59.9,10500.0,4095.0,1470,240,51,2004-12-4
2005,1,1,各地,52.5,26250.0,3898.0,1890,210,52,2005-01-1
2005,1,2,各地,33.3,15750.0,4444.0,1470,133,53,2005-01-2
2005,1,3,各地,35.8,15750.0,5136.0,525,143,54,2005-01-3
2005,1,4,各地,41.0,13650.0,4164.0,1050,164,55,2005-01-4
2005,2,1,各地,33.7,13125.0,4598.0,1260,135,56,2005-02-1
2005,2,2,各地,35.0,14175.0,4229.0,1050,140,57,2005-02-2
2005,2,3,各地,34.7,16275.0,3698.0,1575,139,58,2005-02-3
2005,2,4,各地,32.8,17325.0,4243.0,2100,131,59,2005-02-4
2005,3,1,各地,37.2,17850.0,4363.0,2100,149,60,2005-03-1
2005,3,2,各地,39.2,14700.0,4701.0,2100,157,61,2005-03-2
2005,3,3,各地,46.1,14175.0,5424.0,1575,184,62,2005-03-3
2005,3,4,各地,43.5,10500.0,4185.0,1575,174,63,2005-03-4
2005,3,5,各地,35.0,11025.0,4654.0,2100,140,64,2005-03-5
2005,4,1,各地,35.8,10500.0,5054.0,2100,143,65,2005-04-1
2005,4,2,各地,39.3,8190.0,4788.0,2100,157,66,2005-04-2
2005,4,3,各地,43.8,7350.0,4273.0,2100,175,67,2005-04-3
2005,4,4,各地,43.1,7665.0,3528.0,1260,172,68,2005-04-4
2005,5,1,各地,50.9,6825.0,3080.0,1050,204,69,2005-05-1
2005,5,2,各地,47.4,7350.0,3071.0,1050,190,70,2005-05-2
2005,5,3,各地,42.6,8400.0,2393.0,735,170,71,2005-05-3
2005,5,4,各地,43.6,10500.0,2300.0,1050,174,72,2005-05-4
2005,6,1,各地,38.3,12600.0,1886.0,630,153,73,2005-06-1
2005,6,2,各地,41.5,13650.0,2135.0,840,166,74,2005-06-2
2005,6,3,各地,40.7,17850.0,2513.0,1050,163,75,2005-06-3
2005,6,4,各地,51.5,8400.0,2081.0,735,206,76,2005-06-4
2005,6,5,各地,51.9,8400.0,1496.0,735,208,77,2005-06-5
2005,7,1,各地,59.1,11550.0,1538.0,735,236,78,2005-07-1
2005,7,2,各地,39.3,7875.0,2431.0,840,157,79,2005-07-2
2005,7,3,各地,52.6,12600.0,2538.0,735,210,80,2005-07-3
2005,7,4,各地,50.6,8925.0,2406.0,840,202,81,2005-07-4
2005,8,1,各地,43.2,9450.0,2521.0,840,173,82,2005-08-1
2005,8,2,各地,41.8,6825.0,2916.0,735,167,83,2005-08-2
2005,8,3,各地,47.0,8400.0,3284.0,1050,188,84,2005-08-3
2005,8,4,各地,34.4,10500.0,3928.0,1575,138,85,2005-08-4
2005,9,1,各地,36.7,10500.0,3687.0,1575,147,86,2005-09-1
2005,9,2,各地,39.0,9450.0,3467.0,1050,156,87,2005-09-2
2005,9,3,各地,43.9,9975.0,3272.0,525,176,88,2005-09-3
2005,9,4,各地,49.0,6825.0,3382.0,1155,196,89,2005-09-4
2005,9,5,各地,47.6,10500.0,3561.0,1050,190,90,2005-09-5
2005,10,1,各地,43.7,10500.0,4001.0,1575,175,91,2005-10-1
2005,10,2,各地,48.2,9240.0,3831.0,1365,193,92,2005-10-2
2005,10,3,各地,44.7,12600.0,4160.0,1890,179,93,2005-10-3
2005,10,4,各地,49.0,10290.0,3779.0,1470,196,94,2005-10-4
2005,11,1,各地,46.9,9450.0,3470.0,735,188,95,2005-11-1
2005,11,2,各地,55.5,8400.0,3677.0,420,222,96,2005-11-2
2005,11,3,各地,44.5,10500.0,3984.0,1050,178,97,2005-11-3
2005,11,4,各地,51.6,7350.0,3488.0,1050,206,98,2005-11-4
2005,12,1,各地,46.5,10500.0,3827.0,840,186,99,2005-12-1
2005,12,2,各地,54.8,13650.0,7866.0,2100,219,100,2005-12-2
2005,12,3,各地,65.2,12600.0,5381.0,2100,261,101,2005-12-3
2005,12,4,各地,68.5,11550.0,6055.0,2625,274,102,2005-12-4
2006,1,1,各地,49.4,15750.0,4624.0,2100,198,103,2006-01-1
2006,1,2,各地,42.1,10500.0,3945.0,2100,168,104,2006-01-2
2006,1,3,各地,40.8,15750.0,4488.0,2100,163,105,2006-01-3
2006,2,1,各地,33.7,18375.0,4548.0,2100,135,106,2006-02-1
2006,2,2,各地,40.8,26250.0,4651.0,2310,163,107,2006-02-2
2006,2,3,各地,45.0,26250.0,4068.0,1575,180,108,2006-02-3
2006,2,4,各地,38.1,21000.0,4927.0,2100,152,109,2006-02-4
2006,3,1,各地,39.8,24150.0,7226.0,2625,159,110,2006-03-1
2006,3,2,各地,41.9,26250.0,6284.0,2100,168,111,2006-03-2
2006,3,3,各地,52.1,21000.0,5964.0,2100,208,112,2006-03-3
2006,3,4,各地,40.6,14700.0,4696.0,2100,162,113,2006-03-4
2006,3,5,各地,37.9,13650.0,4780.0,2100,152,114,2006-03-5
2006,4,1,各地,42.2,18900.0,4979.0,2100,169,115,2006-04-1
2006,4,2,各地,44.2,13650.0,5325.0,2625,177,116,2006-04-2
2006,4,3,各地,41.5,9240.0,4266.0,2100,166,117,2006-04-3
2006,4,4,各地,55.1,8925.0,4410.0,1050,220,118,2006-04-4
2006,5,1,各地,57.8,9450.0,3996.0,1365,231,119,2006-05-1
2006,5,2,各地,48.4,7875.0,3950.0,630,194,120,2006-05-2
2006,5,3,各地,38.4,7875.0,3446.0,1050,154,121,2006-05-3
2006,5,4,各地,38.4,12075.0,3444.0,840,154,122,2006-05-4
2006,6,1,各地,37.0,7875.0,3000.0,1575,148,123,2006-06-1
2006,6,2,各地,40.6,7350.0,3626.0,1050,162,124,2006-06-2
2006,6,3,各地,45.3,8925.0,2974.0,1050,181,125,2006-06-3
2006,6,4,各地,42.3,7875.0,2916.0,893,169,126,2006-06-4
2006,6,5,各地,45.8,7350.0,2607.0,1050,183,127,2006-06-5
2006,7,1,各地,43.2,7350.0,2500.0,840,173,128,2006-07-1
2006,7,2,各地,45.0,13650.0,2869.0,1365,180,129,2006-07-2
2006,7,3,各地,46.2,14700.0,2808.0,1050,185,130,2006-07-3
2006,7,4,各地,50.1,13125.0,2153.0,735,200,131,2006-07-4
2006,8,1,各地,37.8,9450.0,3072.0,1050,151,132,2006-08-1
2006,8,2,各地,44.8,12075.0,3545.0,1260,179,133,2006-08-2
2006,8,3,各地,42.2,9450.0,4647.0,1575,169,134,2006-08-3
2006,8,4,各地,39.1,8925.0,3343.0,1050,156,135,2006-08-4
2006,8,5,各地,41.1,9450.0,2773.0,1050,164,136,2006-08-5
2006,9,1,各地,36.2,8925.0,3797.0,1575,145,137,2006-09-1
2006,9,2,各地,43.0,10500.0,3809.0,1890,172,138,2006-09-2
2006,9,3,各地,50.2,9450.0,4118.0,1260,201,139,2006-09-3
2006,9,4,各地,52.2,9765.0,4039.0,1365,209,140,2006-09-4
2006,10,1,各地,43.8,7350.0,3902.0,1050,175,141,2006-10-1
2006,10,2,各地,41.7,11025.0,5088.0,1575,167,142,2006-10-2
2006,10,3,各地,47.0,8925.0,4190.0,1785,188,143,2006-10-3
2006,10,4,各地,45.1,7875.0,3616.0,683,180,144,2006-10-4
2006,11,1,各地,39.2,11550.0,4026.0,735,157,145,2006-11-1
2006,11,2,各地,48.7,13650.0,4102.0,1208,195,146,2006-11-2
2006,11,3,各地,44.3,15750.0,6043.0,2100,177,147,2006-11-3
2006,11,4,各地,43.5,14700.0,7989.0,1890,174,148,2006-11-4
2006,11,5,各地,52.6,13650.0,6604.0,3150,210,149,2006-11-5
2006,12,1,各地,50.6,10500.0,6617.0,2100,202,150,2006-12-1
2006,12,2,各地,66.6,9450.0,5339.0,2100,266,151,2006-12-2
2006,12,3,各地,62.1,13650.0,5424.0,2100,248,152,2006-12-3
2006,12,4,各地,81.5,24150.0,6969.0,2100,326,153,2006-12-4
2007,1,1,各地,52.1,21000.0,5197.0,2100,208,154,2007-01-1
2007,1,2,各地,40.6,16800.0,4745.0,2100,162,155,2007-01-2
2007,1,3,各地,39.3,13650.0,4521.0,2100,157,156,2007-01-3
2007,2,1,各地,36.2,14700.0,5074.0,2100,145,157,2007-02-1
2007,2,2,各地,36.7,18900.0,5086.0,2310,147,158,2007-02-2
2007,2,3,各地,35.9,14700.0,4870.0,2100,144,159,2007-02-3
2007,2,4,各地,40.4,17850.0,4629.0,2310,162,160,2007-02-4
2007,3,1,各地,46.0,17850.0,5200.0,2100,184,161,2007-03-1
2007,3,2,各地,48.5,17850.0,6216.0,2625,194,162,2007-03-2
2007,3,3,各地,39.2,17325.0,5240.0,2100,157,163,2007-03-3
2007,3,4,各地,51.2,18375.0,6970.0,1680,205,164,2007-03-4
2007,3,5,各地,35.0,16275.0,6757.0,2310,140,165,2007-03-5
2007,4,1,各地,41.3,13125.0,5955.0,2100,165,166,2007-04-1
2007,4,2,各地,40.5,13650.0,5072.0,1575,162,167,2007-04-2
2007,4,3,各地,36.0,8925.0,4590.0,1260,144,168,2007-04-3
2007,4,4,各地,40.4,9975.0,5024.0,2100,162,169,2007-04-4
2007,5,1,各地,63.6,8400.0,3766.0,1680,254,170,2007-05-1
2007,5,2,各地,55.5,10500.0,4074.0,1575,222,171,2007-05-2
2007,5,3,各地,42.9,8400.0,3740.0,1260,172,172,2007-05-3
2007,5,4,各地,47.3,8400.0,3072.0,1050,189,173,2007-05-4
2007,5,5,各地,38.4,7140.0,2813.0,840,154,174,2007-05-5
2007,6,1,各地,45.2,10500.0,2575.0,840,181,175,2007-06-1
2007,6,2,各地,47.8,16800.0,2474.0,315,191,176,2007-06-2
2007,6,3,各地,48.1,26250.0,1965.0,1250,192,177,2007-06-3
2007,6,4,各地,41.2,16800.0,2786.0,1575,165,178,2007-06-4
2007,7,1,各地,46.6,24675.0,2589.0,1365,186,179,2007-07-1
2007,7,2,各地,53.7,11550.0,1927.0,1050,215,180,2007-07-2
2007,7,3,各地,49.1,10500.0,1536.0,420,196,181,2007-07-3
2007,7,4,各地,37.0,11550.0,2762.0,1050,148,182,2007-07-4
2007,8,1,各地,37.2,9240.0,3307.0,1155,149,183,2007-08-1
2007,8,2,各地,30.9,9765.0,4305.0,1260,124,184,2007-08-2
2007,8,3,各地,41.0,8400.0,4198.0,1365,164,185,2007-08-3
2007,8,4,各地,45.3,12075.0,4309.0,2100,181,186,2007-08-4
2007,8,5,各地,36.4,8925.0,3578.0,840,146,187,2007-08-5
2007,9,1,各地,32.8,8400.0,3404.0,1890,131,188,2007-09-1
2007,9,2,各地,27.2,8715.0,4365.0,840,109,189,2007-09-2
2007,9,3,各地,39.3,8400.0,3713.0,1365,157,190,2007-09-3
2007,9,4,各地,32.0,9450.0,4196.0,1050,128,191,2007-09-4
2007,10,1,各地,31.0,9450.0,4399.0,2100,124,192,2007-10-1
2007,10,2,各地,40.5,11025.0,4560.0,2310,162,193,2007-10-2
2007,10,3,各地,36.9,13650.0,4586.0,1575,148,194,2007-10-3
2007,10,4,各地,31.5,11550.0,5612.0,2100,126,195,2007-10-4
2007,11,1,各地,40.0,12600.0,4660.0,2310,160,196,2007-11-1
2007,11,2,各地,33.1,11025.0,3963.0,1050,132,197,2007-11-2
2007,11,3,各地,35.7,9765.0,4758.0,2100,143,198,2007-11-3
2007,11,4,各地,36.0,12600.0,5376.0,525,144,199,2007-11-4
2007,11,5,各地,39.5,11550.0,5840.0,2100,158,200,2007-11-5
2007,12,1,各地,42.9,10500.0,5335.0,1470,172,201,2007-12-1
2007,12,2,各地,42.8,9975.0,5156.0,2100,171,202,2007-12-2
2007,12,3,各地,46.3,10500.0,4943.0,2415,185,203,2007-12-3
2007,12,4,各地,60.8,15750.0,6461.0,1140,243,204,2007-12-4
2007,12,5,各地,67.9,13650.0,4539.0,1575,272,205,2007-12-5
2008,1,1,各地,47.7,23100.0,6175.0,2310,191,206,2008-01-1
2008,1,2,各地,33.6,16800.0,4720.0,1785,134,207,2008-01-2
2008,1,3,各地,31.5,15750.0,6841.0,2100,126,208,2008-01-3
2008,1,4,各地,28.4,11550.0,5768.0,2100,114,209,2008-01-4
2008,2,1,各地,30.4,18900.0,4662.0,2625,122,210,2008-02-1
2008,2,2,各地,27.2,17850.0,6226.0,2625,109,211,2008-02-2
2008,2,3,各地,29.4,19950.0,6922.0,2940,118,212,2008-02-3
2008,2,4,各地,29.2,15750.0,5812.0,2625,117,213,2008-02-4
2008,3,1,各地,33.8,19950.0,5454.0,2625,135,214,2008-03-1
2008,3,2,各地,45.3,15750.0,5424.0,2625,181,215,2008-03-2
2008,3,3,各地,35.9,15750.0,5230.0,1365,144,216,2008-03-3
2008,3,4,各地,35.2,18375.0,5872.0,1575,141,217,2008-03-4
2008,4,1,各地,45.0,14175.0,4111.0,1575,180,218,2008-04-1
2008,4,2,各地,36.2,13650.0,3932.0,1050,145,219,2008-04-2
2008,4,3,各地,28.5,12600.0,4749.0,1050,114,220,2008-04-3
2008,4,4,各地,37.5,9450.0,5893.0,2625,150,221,2008-04-4
2008,5,1,各地,36.6,8925.0,4755.0,2100,146,222,2008-05-1
2008,5,2,各地,46.4,11550.0,3953.0,1575,186,223,2008-05-2
2008,5,3,各地,34.2,8400.0,3307.0,1050,137,224,2008-05-3
2008,5,4,各地,32.6,10500.0,3069.0,1575,130,225,2008-05-4
2008,5,5,各地,23.7,8400.0,3618.0,1890,95,226,2008-05-5
2008,6,1,各地,45.5,11550.0,3678.0,1050,182,227,2008-06-1
2008,6,2,各地,58.6,12600.0,1938.0,1050,234,228,2008-06-2
2008,6,3,各地,61.4,12600.0,1916.0,1050,246,229,2008-06-3
2008,6,4,各地,33.8,10500.0,2825.0,1575,135,230,2008-06-4
2008,7,1,各地,36.8,10500.0,2236.0,1050,147,231,2008-07-1
2008,7,2,各地,32.8,12600.0,2922.0,1050,131,232,2008-07-2
2008,7,3,各地,35.9,14700.0,2447.0,1050,144,233,2008-07-3
2008,7,4,各地,27.7,14700.0,3080.0,1050,111,234,2008-07-4
2008,7,5,各地,24.7,14700.0,4202.0,1050,99,235,2008-07-5
2008,8,1,各地,28.2,11550.0,4026.0,630,113,236,2008-08-1
2008,8,2,各地,24.5,13125.0,4333.0,630,98,237,2008-08-2
2008,8,3,各地,25.3,9975.0,4709.0,2100,101,238,2008-08-3
2008,8,4,各地,20.2,10815.0,4962.0,2100,81,239,2008-08-4
2008,9,1,各地,26.3,17325.0,5440.0,2415,105,240,2008-09-1
2008,9,2,各地,24.8,10500.0,5341.0,2520,99,241,2008-09-2
2008,9,3,各地,27.0,10290.0,5026.0,1575,108,242,2008-09-3
2008,9,4,各地,22.9,10500.0,4861.0,1680,92,243,2008-09-4
2008,10,1,各地,24.7,13125.0,6269.0,2100,99,244,2008-10-1
2008,10,2,各地,25.0,15750.0,5303.0,1260,100,245,2008-10-2
2008,10,3,各地,28.9,12075.0,4834.0,1050,116,246,2008-10-3
2008,10,4,各地,28.2,7770.0,4858.0,1890,113,247,2008-10-4
2008,10,5,各地,22.6,11550.0,5243.0,1050,90,248,2008-10-5
2008,11,1,各地,27.2,10500.0,4707.0,1155,109,249,2008-11-1
2008,11,2,各地,31.8,12075.0,5743.0,1365,127,250,2008-11-2
2008,11,3,各地,35.2,9975.0,4483.0,1365,141,251,2008-11-3
2008,11,4,各地,29.2,11025.0,5496.0,840,117,252,2008-11-4
2008,12,1,各地,31.2,13440.0,4848.0,1890,125,253,2008-12-1
2008,12,2,各地,38.3,15750.0,6007.0,2310,153,254,2008-12-2
2008,12,3,各地,36.6,12075.0,5430.0,2625,146,255,2008-12-3
2008,12,4,各地,50.4,23100.0,6704.0,1575,202,256,2008-12-4
2009,1,1,各地,44.5,78750.0,7261.0,2625,178,257,2009-01-1
2009,1,2,各地,33.1,11550.0,6374.0,1575,132,258,2009-01-2
2009,1,3,各地,30.1,11550.0,5913.0,2100,120,259,2009-01-3
2009,1,4,各地,29.2,16800.0,6126.0,2625,117,260,2009-01-4
2009,2,1,各地,29.6,15225.0,5558.0,1890,118,261,2009-02-1
2009,2,2,各地,31.5,16800.0,6325.0,1890,126,262,2009-02-2
2009,2,3,各地,28.5,19425.0,6587.0,3150,114,263,2009-02-3
2009,2,4,各地,29.9,21000.0,6018.0,1890,120,264,2009-02-4
2009,3,1,各地,34.9,16800.0,5026.0,1890,140,265,2009-03-1
2009,3,2,各地,39.3,12600.0,4762.0,1890,157,266,2009-03-2
2009,3,3,各地,30.5,15225.0,5490.0,1785,122,267,2009-03-3
2009,3,4,各地,36.6,12600.0,4060.0,1575,146,268,2009-03-4
2009,4,1,各地,32.4,14175.0,5373.0,2100,130,269,2009-04-1
2009,4,2,各地,35.2,13650.0,4520.0,1890,141,270,2009-04-2
2009,4,3,各地,30.4,12075.0,5689.0,2100,122,271,2009-04-3
2009,4,4,各地,29.9,12075.0,5540.0,1785,120,272,2009-04-4
2009,4,5,各地,30.9,11550.0,5345.0,840,124,273,2009-04-5
2009,5,1,各地,36.1,13125.0,5349.0,2100,144,274,2009-05-1
2009,5,2,各地,37.1,10500.0,4646.0,1575,148,275,2009-05-2
2009,5,3,各地,28.3,9450.0,3803.0,1260,113,276,2009-05-3
2009,5,4,各地,31.6,10500.0,3379.0,1050,126,277,2009-05-4
2009,6,1,各地,31.7,10185.0,3155.0,1260,127,278,2009-06-1
2009,6,2,各地,39.5,7350.0,2513.0,1050,158,279,2009-06-2
2009,6,3,各地,27.3,8400.0,3124.0,1260,109,280,2009-06-3
2009,6,4,各地,26.6,12075.0,3367.0,1575,106,281,2009-06-4
2009,7,1,各地,30.6,9450.0,2802.0,1575,122,282,2009-07-1
2009,7,2,各地,30.9,14175.0,3150.0,1050,124,283,2009-07-2
2009,7,3,各地,28.9,16275.0,3288.0,1365,116,284,2009-07-3
2009,7,4,各地,39.3,8400.0,3074.0,735,157,285,2009-07-4
2009,7,5,各地,25.3,14700.0,3381.0,1050,101,286,2009-07-5
2009,8,1,各地,29.6,9765.0,4158.0,1575,118,287,2009-08-1
2009,8,2,各地,38.3,9450.0,3515.0,1050,153,288,2009-08-2
2009,8,3,各地,42.2,14700.0,3634.0,1050,169,289,2009-08-3
2009,8,4,各地,38.1,7560.0,2596.0,525,152,290,2009-08-4
2009,9,1,各地,26.7,6510.0,2549.0,1365,107,291,2009-09-1
2009,9,2,各地,27.1,8925.0,3614.0,1575,108,292,2009-09-2
2009,9,3,各地,32.1,8190.0,3626.0,945,128,293,2009-09-3
2009,9,4,各地,38.5,8925.0,4391.0,2100,154,294,2009-09-4
2009,10,1,各地,24.9,9450.0,4536.0,1575,100,295,2009-10-1
2009,10,2,各地,32.1,11550.0,5141.0,1575,128,296,2009-10-2
2009,10,3,各地,32.5,11025.0,4318.0,1575,130,297,2009-10-3
2009,10,4,各地,29.8,13650.0,5988.0,1575,119,298,2009-10-4
2009,10,5,各地,28.4,13125.0,4552.0,1575,114,299,2009-10-5
2009,11,1,各地,36.2,13650.0,5836.0,2625,145,300,2009-11-1
2009,11,2,各地,37.3,10500.0,4614.0,1575,149,301,2009-11-2
2009,11,3,各地,27.5,17325.0,6652.0,2625,110,302,2009-11-3
2009,11,4,各地,32.4,16800.0,7066.0,2625,130,303,2009-11-4
2009,12,1,各地,34.2,8400.0,5011.0,2310,137,304,2009-12-1
2009,12,2,各地,38.1,8925.0,4949.0,2100,152,305,2009-12-2
2009,12,3,各地,38.4,14175.0,7001.0,2625,154,306,2009-12-3
2009,12,4,各地,51.4,16800.0,5921.0,2100,206,307,2009-12-4
2010,1,1,各地,38.0,73500.0,5700.0,2100,152,308,2010-01-1
2010,1,2,各地,32.4,16800.0,5500.0,2100,130,309,2010-01-2
2010,1,3,各地,27.0,13650.0,5074.0,2100,108,310,2010-01-3
2010,1,4,各地,26.8,14175.0,5375.0,2100,107,311,2010-01-4
2010,2,1,各地,25.5,16800.0,3982.0,1575,102,312,2010-02-1
2010,2,2,各地,30.0,14175.0,4375.0,2100,120,313,2010-02-2
2010,2,3,各地,38.4,18375.0,4025.0,2100,154,314,2010-02-3
2010,2,4,各地,36.8,18900.0,4410.0,2100,147,315,2010-02-4
2010,3,1,各地,38.2,13650.0,4309.0,2100,153,316,2010-03-1
2010,3,2,各地,32.6,21000.0,4361.0,2100,130,317,2010-03-2
2010,3,3,各地,34.1,22050.0,4442.0,2100,136,318,2010-03-3
2010,3,4,各地,31.6,21000.0,4036.0,2100,126,319,2010-03-4
2010,4,1,各地,27.5,15225.0,3971.0,2100,110,320,2010-04-1
2010,4,2,各地,28.8,14700.0,3964.0,2100,115,321,2010-04-2
2010,4,3,各地,31.5,16800.0,3873.0,1890,126,322,2010-04-3
2010,4,4,各地,27.8,13125.0,3746.0,1785,111,323,2010-04-4
2010,4,5,各地,26.3,11025.0,3719.0,1890,105,324,2010-04-5
2010,5,1,各地,34.8,10500.0,3453.0,2100,139,325,2010-05-1
2010,5,2,各地,30.0,8925.0,3364.0,1575,120,326,2010-05-2
2010,5,3,各地,24.2,14175.0,3186.0,1890,97,327,2010-05-3
2010,5,4,各地,30.5,11025.0,3046.0,1155,122,328,2010-05-4
2010,6,1,各地,43.6,11550.0,2701.0,1575,174,329,2010-06-1
2010,6,2,各地,39.4,13650.0,2261.0,1050,158,330,2010-06-2
2010,6,3,各地,31.3,15750.0,2963.0,1050,125,331,2010-06-3
2010,6,4,各地,41.5,7875.0,2197.0,1050,166,332,2010-06-4
2010,7,1,各地,26.5,13650.0,2879.0,1050,106,333,2010-07-1
2010,7,2,各地,26.6,10500.0,2751.0,1785,106,334,2010-07-2
2010,7,3,各地,24.0,12600.0,3011.0,1785,96,335,2010-07-3
2010,7,4,各地,27.3,12600.0,3888.0,1575,109,336,2010-07-4
2010,7,5,各地,26.0,8925.0,3520.0,1365,104,337,2010-07-5
2010,8,1,各地,24.5,18375.0,4183.0,1260,98,338,2010-08-1
2010,8,2,各地,28.7,14175.0,4718.0,2100,115,339,2010-08-2
2010,8,3,各地,25.2,14175.0,4332.0,2625,101,340,2010-08-3
2010,8,4,各地,22.0,11550.0,4523.0,1050,88,341,2010-08-4
2010,9,1,各地,21.0,11550.0,4347.0,1785,84,342,2010-09-1
2010,9,2,各地,24.7,11550.0,4955.0,1575,99,343,2010-09-2
2010,9,3,各地,24.9,13650.0,4288.0,1575,100,344,2010-09-3
2010,9,4,各地,31.3,8925.0,4576.0,2100,125,345,2010-09-4
2010,9,5,各地,38.4,10500.0,4981.0,2100,154,346,2010-09-5
2010,10,1,各地,29.5,8925.0,4625.0,1260,118,347,2010-10-1
2010,10,2,各地,32.3,10500.0,4435.0,2100,129,348,2010-10-2
2010,10,3,各地,27.6,11550.0,4869.0,1365,110,349,2010-10-3
2010,10,4,各地,27.7,8400.0,4589.0,1050,111,350,2010-10-4
2010,11,1,各地,24.7,7875.0,3759.0,1575,99,351,2010-11-1
2010,11,2,各地,30.9,12600.0,4209.0,1050,124,352,2010-11-2
2010,11,3,各地,22.8,13125.0,4803.0,1575,91,353,2010-11-3
2010,11,4,各地,28.0,11550.0,4876.0,1575,112,354,2010-11-4
2010,12,1,各地,26.0,11025.0,5135.0,1575,104,355,2010-12-1
2010,12,2,各地,32.6,11025.0,4904.0,2100,130,356,2010-12-2
2010,12,3,各地,32.0,12600.0,5301.0,1365,128,357,2010-12-3
2010,12,4,各地,34.8,12600.0,5475.0,1575,139,358,2010-12-4
2011,1,1,各地,30.2,10500.0,4087.0,1575,121,359,2011-01-1
2011,1,2,各地,20.2,15750.0,3859.0,2100,81,360,2011-01-2
2011,1,3,各地,25.6,15750.0,3737.0,1890,102,361,2011-01-3
2011,2,1,各地,18.6,15750.0,4064.0,2100,74,362,2011-02-1
2011,2,2,各地,22.5,18375.0,3962.0,2310,90,363,2011-02-2
2011,2,3,各地,23.1,12075.0,4377.0,2100,92,364,2011-02-3
2011,2,4,各地,20.1,18900.0,4122.0,2100,80,365,2011-02-4
2011,3,1,各地,26.9,18900.0,4152.0,2100,108,366,2011-03-1
2011,3,2,各地,29.2,16800.0,4193.0,2100,117,367,2011-03-2
2011,3,3,各地,20.6,14700.0,4274.0,1995,82,368,2011-03-3
2011,3,4,各地,16.5,9975.0,3328.0,1365,66,369,2011-03-4
2011,3,5,各地,14.6,23100.0,4113.0,2100,58,370,2011-03-5
2011,4,1,各地,24.9,13125.0,3985.0,2100,100,371,2011-04-1
2011,4,2,各地,20.3,14175.0,4122.0,2625,81,372,2011-04-2
2011,4,3,各地,21.3,12600.0,4273.0,1575,85,373,2011-04-3
2011,4,4,各地,35.0,11865.0,4071.0,2415,140,374,2011-04-4
2011,5,1,各地,40.4,12600.0,3693.0,2310,162,375,2011-05-1
2011,5,2,各地,31.9,12600.0,3645.0,1575,128,376,2011-05-2
2011,5,3,各地,22.5,15750.0,3430.0,1890,90,377,2011-05-3
2011,5,4,各地,27.5,6510.0,3105.0,1365,110,378,2011-05-4
2011,6,1,各地,37.1,8400.0,2430.0,1470,148,379,2011-06-1
2011,6,2,各地,64.9,7350.0,1647.0,840,260,380,2011-06-2
2011,6,3,各地,37.4,10500.0,2176.0,1050,150,381,2011-06-3
2011,6,4,各地,39.7,8400.0,3061.0,1050,159,382,2011-06-4
2011,6,5,各地,34.6,5775.0,2495.0,315,138,383,2011-06-5
2011,7,1,各地,46.4,8925.0,2107.0,525,186,384,2011-07-1
2011,7,2,各地,42.2,9975.0,2410.0,1260,169,385,2011-07-2
2011,7,3,各地,27.4,12600.0,3359.0,1050,110,386,2011-07-3
2011,7,4,各地,31.0,12600.0,3100.0,840,124,387,2011-07-4
2011,8,1,各地,24.0,10500.0,3011.0,1050,96,388,2011-08-1
2011,8,2,各地,24.2,11550.0,4501.0,1260,97,389,2011-08-2
2011,8,3,各地,32.7,9660.0,4863.0,2100,131,390,2011-08-3
2011,8,4,各地,40.2,10500.0,3329.0,1050,161,391,2011-08-4
2011,9,1,各地,26.3,7350.0,3179.0,840,105,392,2011-09-1
2011,9,2,各地,25.5,12600.0,3707.0,1365,102,393,2011-09-2
2011,9,3,各地,28.4,10500.0,3937.0,2100,114,394,2011-09-3
2011,9,4,各地,30.0,11550.0,3988.0,315,120,395,2011-09-4
2011,9,5,各地,37.4,8925.0,3363.0,1890,150,396,2011-09-5
2011,10,1,各地,27.9,11550.0,4090.0,1575,112,397,2011-10-1
2011,10,2,各地,25.4,9765.0,3495.0,1050,102,398,2011-10-2
2011,10,3,各地,23.8,11025.0,3446.0,1050,95,399,2011-10-3
2011,10,4,各地,22.4,10500.0,4899.0,1365,90,400,2011-10-4
2011,11,1,各地,25.1,8925.0,4180.0,1575,100,401,2011-11-1
2011,11,2,各地,26.8,10500.0,3967.0,1260,107,402,2011-11-2
2011,11,3,各地,25.5,15225.0,3874.0,1050,102,403,2011-11-3
2011,11,4,各地,24.4,12600.0,4502.0,1575,98,404,2011-11-4
2011,12,1,各地,21.6,13125.0,5139.0,2100,86,405,2011-12-1
2011,12,2,各地,27.8,13125.0,4935.0,1680,111,406,2011-12-2
2011,12,3,各地,30.1,11550.0,5173.0,1785,120,407,2011-12-3
2011,12,4,各地,30.7,15750.0,5336.0,2100,123,408,2011-12-4
2012,1,1,各地,23.3,16800.0,4784.0,2100,93,409,2012-01-1
2012,1,2,各地,19.9,14700.0,4360.0,2100,80,410,2012-01-2
2012,1,3,各地,21.0,16800.0,4271.0,1890,84,411,2012-01-3
2012,2,1,各地,17.5,12600.0,5204.0,2310,70,412,2012-02-1
2012,2,2,各地,19.9,12600.0,4100.0,2100,80,413,2012-02-2
2012,2,3,各地,22.2,15750.0,4249.0,2100,89,414,2012-02-3
2012,2,4,各地,21.0,16275.0,3972.0,2100,84,415,2012-02-4
2012,3,1,各地,23.9,15750.0,4107.0,2100,96,416,2012-03-1
2012,3,2,各地,26.5,10500.0,4365.0,2100,106,417,2012-03-2
2012,3,3,各地,22.6,20475.0,4835.0,2625,90,418,2012-03-3
2012,3,4,各地,20.5,12600.0,5064.0,2100,82,419,2012-03-4
2012,3,5,各地,18.1,17850.0,4610.0,2100,72,420,2012-03-5
2012,4,1,各地,31.3,17325.0,4706.0,2100,125,421,2012-04-1
2012,4,2,各地,25.4,14700.0,4389.0,2100,102,422,2012-04-2
2012,4,3,各地,17.8,15225.0,4743.0,2100,71,423,2012-04-3
2012,4,4,各地,20.9,11025.0,4962.0,2100,84,424,2012-04-4
2012,5,1,各地,41.7,12075.0,4462.0,2625,167,425,2012-05-1
2012,5,2,各地,31.1,11550.0,4636.0,2100,124,426,2012-05-2
2012,5,3,各地,20.4,11025.0,3618.0,1260,82,427,2012-05-3
2012,5,4,各地,26.3,12075.0,3380.0,1890,105,428,2012-05-4
2012,5,5,各地,23.9,11550.0,3329.0,1365,96,429,2012-05-5
2012,6,1,各地,29.8,6300.0,2878.0,1365,119,430,2012-06-1
2012,6,2,各地,27.4,5250.0,2853.0,1575,110,431,2012-06-2
2012,6,3,各地,26.8,6825.0,2949.0,1785,107,432,2012-06-3
2012,6,4,各地,27.7,7350.0,3247.0,1575,111,433,2012-06-4
2012,7,1,各地,33.5,7350.0,2321.0,1575,134,434,2012-07-1
2012,7,2,各地,26.5,7350.0,3016.0,1260,106,435,2012-07-2
2012,7,3,各地,27.4,10500.0,3405.0,1575,110,436,2012-07-3
2012,7,4,各地,26.9,10500.0,3678.0,1050,108,437,2012-07-4
2012,8,1,各地,23.0,12075.0,3586.0,1050,92,438,2012-08-1
2012,8,2,各地,25.2,8400.0,3077.0,1050,101,439,2012-08-2
2012,8,3,各地,27.6,6825.0,3821.0,1575,110,440,2012-08-3
2012,8,4,各地,24.6,11550.0,3511.0,1365,98,441,2012-08-4
2012,8,5,各地,16.6,13650.0,3552.0,1050,66,442,2012-08-5
2012,9,1,各地,25.7,7350.0,3292.0,1600,103,443,2012-09-1
2012,9,2,各地,24.3,9450.0,4229.0,1365,97,444,2012-09-2
2012,9,3,各地,24.1,12600.0,3888.0,2100,96,445,2012-09-3
2012,9,4,各地,24.0,10500.0,4104.0,1050,96,446,2012-09-4
2012,10,1,各地,19.0,12600.0,4832.0,1575,76,447,2012-10-1
2012,10,2,各地,30.3,8715.0,3954.0,1365,121,448,2012-10-2
2012,10,3,各地,16.9,10500.0,4503.0,1365,68,449,2012-10-3
2012,10,4,各地,21.8,12600.0,4465.0,1890,87,450,2012-10-4
2012,11,1,各地,26.1,15750.0,3635.0,1575,104,451,2012-11-1
2012,11,2,各地,29.7,9450.0,3761.0,2100,119,452,2012-11-2
2012,11,3,各地,23.5,11550.0,3822.0,1260,94,453,2012-11-3
2012,11,4,各地,24.2,14700.0,4744.0,1575,97,454,2012-11-4
2012,11,5,各地,28.3,11025.0,4958.0,1890,113,455,2012-11-5
2012,12,1,各地,32.6,12600.0,5314.0,1890,130,456,2012-12-1
2012,12,2,各地,28.9,14175.0,5309.0,2100,116,457,2012-12-2
2012,12,3,各地,33.7,13125.0,6191.0,1890,135,458,2012-12-3
2012,12,4,各地,34.4,25200.0,8447.0,2100,138,459,2012-12-4
2013,1,1,各地,36.8,735000.0,,2310,147,460,2013-01-1
2013,1,2,各地,23.1,15750.0,5630.0,2100,92,461,2013-01-2
2013,1,3,各地,19.7,13650.0,4432.0,2100,79,462,2013-01-3
2013,1,4,各地,19.5,15750.0,4946.0,2100,78,463,2013-01-4
2013,2,1,各地,25.4,12600.0,5311.0,2100,102,464,2013-02-1
2013,2,2,各地,24.8,13125.0,5609.0,2100,99,465,2013-02-2
2013,2,3,各地,25.9,18900.0,5597.0,2100,104,466,2013-02-3
2013,2,4,各地,23.0,18900.0,5132.0,525,92,467,2013-02-4
2013,3,1,各地,28.7,13650.0,5657.0,2310,115,468,2013-03-1
2013,3,2,各地,25.2,15750.0,6784.0,3150,101,469,2013-03-2
2013,3,3,各地,32.6,17850.0,4578.0,2100,130,470,2013-03-3
2013,3,4,各地,34.7,21000.0,5825.0,2100,139,471,2013-03-4
2013,4,1,各地,27.0,15540.0,5445.0,2100,108,472,2013-04-1
2013,4,2,各地,27.6,15750.0,5315.0,2625,110,473,2013-04-2
2013,4,3,各地,23.5,15225.0,7158.0,2100,94,474,2013-04-3
2013,4,4,各地,38.6,12075.0,5234.0,1575,154,475,2013-04-4
2013,5,1,各地,35.2,12600.0,4897.0,1785,141,476,2013-05-1
2013,5,2,各地,28.5,15225.0,4337.0,2100,114,477,2013-05-2
2013,5,3,各地,23.0,9975.0,3826.0,1575,92,478,2013-05-3
2013,5,4,各地,24.4,10500.0,3803.0,1890,98,479,2013-05-4
2013,5,5,各地,23.6,10500.0,2708.0,1365,94,480,2013-05-5
2013,6,1,各地,26.7,7875.0,2765.0,1050,107,481,2013-06-1
2013,6,2,各地,40.4,13125.0,2112.0,1050,162,482,2013-06-2
2013,6,3,各地,28.3,14175.0,3551.0,1050,113,483,2013-06-3
2013,6,4,各地,35.1,11550.0,2647.0,1050,140,484,2013-06-4
2013,7,1,各地,40.5,7875.0,2419.0,840,162,485,2013-07-1
2013,7,2,各地,41.3,13650.0,2576.0,945,165,486,2013-07-2
2013,7,3,各地,28.2,11550.0,4000.0,1050,113,487,2013-07-3
2013,7,4,各地,29.9,14700.0,3627.0,945,120,488,2013-07-4
2013,8,1,各地,28.7,13650.0,3056.0,1050,115,489,2013-08-1
2013,8,2,各地,23.3,14175.0,3968.0,1365,93,490,2013-08-2
2013,8,3,各地,34.7,11550.0,2931.0,1365,139,491,2013-08-3
2013,8,4,各地,21.1,11550.0,3764.0,1575,84,492,2013-08-4
2013,8,5,各地,23.9,13125.0,3664.0,2100,96,493,2013-08-5
2013,9,1,各地,27.5,15750.0,4225.0,840,110,494,2013-09-1
2013,9,2,各地,34.2,10500.0,4130.0,2100,137,495,2013-09-2
2013,9,3,各地,27.8,11550.0,4246.0,1260,111,496,2013-09-3
2013,9,4,各地,29.1,10500.0,3652.0,1890,116,497,2013-09-4
2013,10,1,各地,24.4,11025.0,3894.0,1575,98,498,2013-10-1
2013,10,2,各地,27.0,11025.0,3779.0,1575,108,499,2013-10-2
2013,10,3,各地,24.6,13650.0,4766.0,1260,98,500,2013-10-3
2013,10,4,各地,29.4,14175.0,4324.0,1575,118,501,2013-10-4
2013,10,5,各地,22.9,11550.0,4725.0,1785,92,502,2013-10-5
2013,11,1,各地,30.3,9240.0,4020.0,1575,121,503,2013-11-1
2013,11,2,各地,24.1,15225.0,4675.0,1575,96,504,2013-11-2
2013,11,3,各地,23.8,14700.0,5116.0,1575,95,505,2013-11-3
2013,11,4,各地,26.7,12600.0,5470.0,2625,107,506,2013-11-4
2013,12,1,各地,23.5,14700.0,5884.0,1890,94,507,2013-12-1
2013,12,2,各地,29.5,13650.0,5551.0,2100,118,508,2013-12-2
2013,12,3,各地,29.5,15750.0,6489.0,2100,118,509,2013-12-3
2013,12,4,各地,40.7,18900.0,6126.0,2100,163,510,2013-12-4
2014,1,1,各地,27.1,42000.0,7756.0,2415,108,511,2014-01-1
2014,1,2,各地,23.3,15750.0,5338.0,1575,93,512,2014-01-2
2014,1,3,各地,22.8,13650.0,5704.0,1890,91,513,2014-01-3
2014,1,4,各地,20.8,12600.0,4589.0,1785,83,514,2014-01-4
2014,2,1,各地,23.0,18900.0,4586.0,1890,92,515,2014-02-1
2014,2,2,各地,21.6,17850.0,6210.0,2100,86,516,2014-02-2
2014,2,3,各地,29.4,28350.0,5191.0,2625,118,517,2014-02-3
2014,2,4,各地,27.4,36750.0,7336.0,2415,110,518,2014-02-4
2014,3,1,各地,26.2,18375.0,4391.0,2100,105,519,2014-03-1
2014,3,2,各地,24.6,28350.0,4993.0,1890,98,520,2014-03-2
2014,3,3,各地,25.9,18900.0,4836.0,2100,104,521,2014-03-3
2014,3,4,各地,31.4,18900.0,6338.0,2415,126,522,2014-03-4
2014,4,1,各地,33.6,16740.0,5069.0,1836,134,523,2014-04-1
2014,4,2,各地,23.8,14040.0,5934.0,2376,95,524,2014-04-2
2014,4,3,各地,36.6,15120.0,6055.0,1620,146,525,2014-04-3
2014,4,4,各地,23.5,19440.0,5733.0,1944,94,526,2014-04-4
2014,5,1,各地,31.8,17280.0,6461.0,2160,127,527,2014-05-1
2014,5,2,各地,38.0,16740.0,3798.0,1620,152,528,2014-05-2
2014,5,3,各地,30.7,12420.0,3423.0,1728,123,529,2014-05-3
2014,5,4,各地,27.6,12960.0,3317.0,1836,110,530,2014-05-4
2014,5,5,各地,31.4,14040.0,2875.0,1620,126,531,2014-05-5
2014,6,1,各地,59.6,12960.0,2502.0,1296,238,532,2014-06-1
2014,6,2,各地,59.6,12960.0,1927.0,918,238,533,2014-06-2
2014,6,3,各地,43.9,10800.0,2162.0,1296,176,534,2014-06-3
2014,6,4,各地,54.5,10800.0,1695.0,648,218,535,2014-06-4
2014,7,1,各地,38.2,9180.0,2150.0,756,153,536,2014-07-1
2014,7,2,各地,31.9,21600.0,3378.0,1296,128,537,2014-07-2
2014,7,3,各地,22.0,18360.0,4511.0,1296,88,538,2014-07-3
2014,7,4,各地,30.0,16200.0,5883.0,1404,120,539,2014-07-4
2014,7,5,各地,26.7,11880.0,3643.0,864,107,540,2014-07-5
2014,8,1,各地,28.0,11340.0,3795.0,1404,112,541,2014-08-1
2014,8,2,各地,27.5,14040.0,3948.0,2160,110,542,2014-08-2
2014,8,3,各地,25.3,10800.0,4057.0,1296,101,543,2014-08-3
2014,8,4,各地,23.7,11880.0,4590.0,2160,95,544,2014-08-4
2014,9,1,各地,25.8,15120.0,4991.0,2160,103,545,2014-09-1
2014,9,2,各地,26.8,16200.0,5467.0,1620,107,546,2014-09-2
2014,9,3,各地,31.2,14040.0,5080.0,2160,125,547,2014-09-3
2014,9,4,各地,32.6,19440.0,5668.0,2160,130,548,2014-09-4
2014,10,1,各地,24.1,14040.0,5682.0,1944,96,549,2014-10-1
2014,10,2,各地,27.4,12960.0,5813.0,2376,110,550,2014-10-2
2014,10,3,各地,26.6,35640.0,5935.0,2160,106,551,2014-10-3
2014,10,4,各地,30.5,28080.0,6732.0,1944,122,552,2014-10-4
2014,10,5,各地,25.0,11880.0,5226.0,1728,100,553,2014-10-5
2014,11,1,各地,29.6,16200.0,5930.0,1944,118,554,2014-11-1
2014,11,2,各地,27.2,16200.0,6131.0,1944,109,555,2014-11-2
2014,11,3,各地,26.1,21600.0,6630.0,2160,104,556,2014-11-3
2014,11,4,各地,28.8,18360.0,6579.0,2160,115,557,2014-11-4
2014,12,1,各地,29.1,20520.0,7537.0,2700,116,558,2014-12-1
2014,12,2,各地,33.3,28080.0,7738.0,1944,133,559,2014-12-2
2014,12,3,各地,32.2,17280.0,9318.0,2700,129,560,2014-12-3
2014,12,4,各地,53.4,20520.0,10604.0,2700,214,561,2014-12-4
2014,12,5,各地,78.6,21600.0,10300.0,3240,314,562,2014-12-5
2015,1,1,各地,54.5,27000.0,6817.0,2700,218,563,2015-01-1
2015,1,2,各地,26.2,10800.0,5615.0,2160,105,564,2015-01-2
2015,1,3,各地,30.4,12420.0,5852.0,1620,122,565,2015-01-3
2015,1,4,各地,22.5,32400.0,7843.0,2484,90,566,2015-01-4
2015,2,1,各地,23.6,19440.0,7620.0,2700,94,567,2015-02-1
2015,2,2,各地,23.3,20520.0,8285.0,3240,93,568,2015-02-2
2015,2,3,各地,24.7,57240.0,10324.0,3240,99,569,2015-02-3
2015,2,4,各地,29.7,24840.0,9659.0,3240,119,570,2015-02-4
2015,3,1,各地,28.1,23760.0,9828.0,2700,112,571,2015-03-1
2015,3,2,各地,27.6,29160.0,9764.0,2160,110,572,2015-03-2
2015,3,3,各地,29.8,24840.0,10227.0,2700,119,573,2015-03-3
2015,3,4,各地,32.4,17280.0,8956.0,1728,130,574,2015-03-4
2015,4,1,各地,36.5,19440.0,6255.0,1836,146,575,2015-04-1
2015,4,2,各地,29.9,16740.0,7171.0,2160,120,576,2015-04-2
2015,4,3,各地,29.4,12960.0,6043.0,2376,118,577,2015-04-3
2015,4,4,各地,32.1,24840.0,7900.0,2808,128,578,2015-04-4
2015,4,5,各地,34.4,15120.0,4729.0,1728,138,579,2015-04-5
2015,5,1,各地,34.4,14040.0,4128.0,1836,138,580,2015-05-1
2015,5,2,各地,36.7,16200.0,3856.0,1080,147,581,2015-05-2
2015,5,3,各地,28.2,18360.0,3201.0,1944,113,582,2015-05-3
2015,5,4,各地,32.5,27000.0,3699.0,1944,130,583,2015-05-4
2015,6,1,各地,33.2,8640.0,3109.0,1620,133,584,2015-06-1
2015,6,2,各地,31.2,9720.0,3192.0,1944,125,585,2015-06-2
2015,6,3,各地,52.1,23760.0,3078.0,1296,208,586,2015-06-3
2015,6,4,各地,71.6,12960.0,1403.0,540,286,587,2015-06-4
2015,7,1,各地,37.8,12960.0,3197.0,756,151,588,2015-07-1
2015,7,2,各地,45.3,9720.0,2368.0,864,181,589,2015-07-2
2015,7,3,各地,36.9,19440.0,2426.0,1080,148,590,2015-07-3
2015,7,4,各地,24.6,23760.0,7472.0,1620,98,591,2015-07-4
2015,7,5,各地,31.0,11880.0,5429.0,1404,124,592,2015-07-5
2015,8,1,各地,26.6,12420.0,5307.0,1080,106,593,2015-08-1
2015,8,2,各地,32.6,18900.0,5016.0,1080,130,594,2015-08-2
2015,8,3,各地,23.8,23760.0,7849.0,2700,95,595,2015-08-3
2015,8,4,各地,24.2,18900.0,5913.0,2592,97,596,2015-08-4
2015,9,1,各地,23.1,17820.0,5926.0,2700,92,597,2015-09-1
2015,9,2,各地,30.3,18360.0,6420.0,3240,121,598,2015-09-2
2015,9,3,各地,27.4,16200.0,7486.0,3024,110,599,2015-09-3
2015,9,4,各地,41.0,11880.0,5347.0,1620,164,600,2015-09-4
2015,10,1,各地,29.4,16200.0,6482.0,2160,118,601,2015-10-1
2015,10,2,各地,31.7,19440.0,5508.0,2160,127,602,2015-10-2
2015,10,3,各地,30.5,19980.0,5860.0,1944,122,603,2015-10-3
2015,10,4,各地,29.1,14040.0,4645.0,1728,116,604,2015-10-4
2015,10,5,各地,31.6,15120.0,4760.0,1404,126,605,2015-10-5
2015,11,1,各地,34.6,19440.0,6262.0,1836,138,606,2015-11-1
2015,11,2,各地,32.4,17280.0,6086.0,1404,130,607,2015-11-2
2015,11,3,各地,31.4,18360.0,6374.0,2916,126,608,2015-11-3
2015,11,4,各地,31.5,15120.0,5792.0,1620,126,609,2015-11-4
2015,12,1,各地,26.0,15120.0,6544.0,1620,104,610,2015-12-1
2015,12,2,各地,37.0,15120.0,6550.0,2160,148,611,2015-12-2
2015,12,3,各地,32.7,12960.0,5953.0,2700,131,612,2015-12-3
2015,12,4,各地,42.3,14040.0,7060.0,2916,169,613,2015-12-4
2015,12,5,各地,64.0,50760.0,12781.0,2160,256,614,2015-12-5
2016,1,1,各地,44.6,75600.0,9622.0,2160,178,615,2016-01-1
2016,1,2,各地,27.2,25920.0,9122.0,3024,109,616,2016-01-2
2016,1,3,各地,26.6,19980.0,6467.0,2160,106,617,2016-01-3
2016,1,4,各地,22.4,31320.0,6828.0,2484,90,618,2016-01-4
2016,2,1,各地,24.3,31320.0,6434.0,2700,97,619,2016-02-1
2016,2,2,各地,23.3,24840.0,5680.0,1404,93,620,2016-02-2
2016,2,3,各地,25.9,18360.0,5921.0,2484,104,621,2016-02-3
2016,2,4,各地,26.0,25920.0,6009.0,1944,104,622,2016-02-4
2016,3,1,各地,25.7,18360.0,5452.0,2160,103,623,2016-03-1
2016,3,2,各地,30.7,24840.0,8463.0,2700,123,624,2016-03-2
2016,3,3,各地,28.1,20520.0,8973.0,2484,112,625,2016-03-3
2016,3,4,各地,29.0,37800.0,8946.0,2160,116,626,2016-03-4
2016,3,5,各地,21.9,21600.0,8187.0,2700,88,627,2016-03-5
2016,4,1,各地,29.0,31320.0,9195.0,1728,116,628,2016-04-1
2016,4,2,各地,29.4,17280.0,7129.0,1620,118,629,2016-04-2
2016,4,3,各地,32.2,15660.0,5819.0,1944,129,630,2016-04-3
2016,4,4,各地,28.1,17280.0,6179.0,1944,112,631,2016-04-4
2016,5,1,各地,43.8,9720.0,4928.0,1404,175,632,2016-05-1
2016,5,2,各地,34.3,21600.0,6033.0,2160,137,633,2016-05-2
2016,5,3,各地,27.3,10800.0,4440.0,1080,109,634,2016-05-3
2016,5,4,各地,27.4,10800.0,4219.0,1404,110,635,2016-05-4
2016,6,1,各地,34.1,10800.0,3785.0,1728,136,636,2016-06-1
2016,6,2,各地,48.6,11340.0,2330.0,1080,194,637,2016-06-2
2016,6,3,各地,46.7,12960.0,1920.0,1080,187,638,2016-06-3
2016,6,4,各地,64.5,7560.0,1884.0,972,258,639,2016-06-4
2016,6,5,各地,32.4,10800.0,2366.0,864,130,640,2016-06-5
2016,7,1,各地,46.0,10800.0,2533.0,756,184,641,2016-07-1
2016,7,2,各地,38.9,14580.0,3265.0,864,156,642,2016-07-2
2016,7,3,各地,34.9,15120.0,3855.0,918,140,643,2016-07-3
2016,7,4,各地,25.5,21600.0,6112.0,1944,102,644,2016-07-4
2016,8,1,各地,31.7,22680.0,4627.0,1080,127,645,2016-08-1
2016,8,2,各地,33.0,16740.0,4207.0,1404,132,646,2016-08-2
2016,8,3,各地,29.5,15120.0,4891.0,2700,118,647,2016-08-3
2016,8,4,各地,26.3,16200.0,6365.0,2160,105,648,2016-08-4
2016,9,1,各地,26.0,14040.0,7317.0,2268,104,649,2016-09-1
2016,9,2,各地,28.4,24840.0,6395.0,2376,114,650,2016-09-2
2016,9,3,各地,29.4,15120.0,5826.0,1620,118,651,2016-09-3
2016,9,4,各地,32.8,17280.0,4554.0,1728,131,652,2016-09-4
2016,9,5,各地,38.4,15120.0,5804.0,1620,154,653,2016-09-5
2016,10,1,各地,32.2,10800.0,3854.0,1620,129,654,2016-10-1
2016,10,2,各地,34.9,11340.0,4450.0,1620,140,655,2016-10-2
2016,10,3,各地,31.3,18900.0,7485.0,2160,125,656,2016-10-3
2016,10,4,各地,26.5,20520.0,7130.0,1620,106,657,2016-10-4
2016,11,1,各地,27.6,16200.0,6646.0,2376,110,658,2016-11-1
2016,11,2,各地,37.2,22680.0,7912.0,1944,149,659,2016-11-2
2016,11,3,各地,27.6,17280.0,8788.0,2700,110,660,2016-11-3
2016,11,4,各地,25.9,34560.0,9041.0,2160,104,661,2016-11-4
2016,12,1,各地,26.7,21060.0,9795.0,1620,107,662,2016-12-1
2016,12,2,各地,34.4,16200.0,9207.0,2160,138,663,2016-12-2
2016,12,3,各地,34.5,16200.0,8525.0,1944,138,664,2016-12-3
2016,12,4,各地,40.1,24840.0,9121.0,2160,160,665,2016-12-4
2016,12,5,各地,58.2,44280.0,15386.0,2160,233,666,2016-12-5
2017,1,1,各地,86.4,378000.0,21390.0,2160,346,667,2017-01-1
2017,1,2,各地,28.2,28080.0,8249.0,1944,113,668,2017-01-2
2017,1,3,各地,26.8,24840.0,7592.0,2160,107,669,2017-01-3
2017,1,4,各地,30.2,21600.0,6471.0,2160,121,670,2017-01-4
2017,2,1,各地,54.2,15120.0,4230.0,1944,217,671,2017-02-1
2017,2,2,各地,27.1,18360.0,5574.0,1944,108,672,2017-02-2
2017,2,3,各地,31.3,30240.0,6436.0,2160,125,673,2017-02-3
2017,2,4,各地,27.0,29160.0,9638.0,2160,108,674,2017-02-4
2017,3,1,各地,31.1,29160.0,9466.0,2700,124,675,2017-03-1
2017,3,2,各地,35.0,21600.0,6108.0,1620,140,676,2017-03-2
2017,3,3,各地,32.0,19440.0,5943.0,1620,128,677,2017-03-3
2017,3,4,各地,34.7,17820.0,6645.0,1620,139,678,2017-03-4
2017,3,5,各地,29.5,19980.0,6597.0,2160,118,679,2017-03-5
2017,4,1,各地,29.8,19440.0,9156.0,2700,119,680,2017-04-1
2017,4,2,各地,29.8,18360.0,8211.0,2160,119,681,2017-04-2
2017,4,3,各地,34.7,18900.0,7796.0,2160,139,682,2017-04-3
2017,4,4,各地,27.8,11880.0,5291.0,2160,111,683,2017-04-4
2017,5,2,各地,35.5,14040.0,5146.0,1836,142,684,2017-05-2
2017,5,3,各地,33.0,17820.0,5306.0,1944,132,685,2017-05-3
2017,5,4,各地,36.8,8640.0,3246.0,1296,147,686,2017-05-4
2017,5,5,各地,33.0,21600.0,2677.0,1080,132,687,2017-05-5
2017,6,1,各地,33.7,17280.0,2947.0,1080,135,688,2017-06-1
2017,6,2,各地,42.5,10800.0,2594.0,1404,170,689,2017-06-2
2017,6,3,各地,60.7,12960.0,1751.0,1080,243,690,2017-06-3
2017,6,4,各地,45.6,17280.0,2792.0,1080,182,691,2017-06-4
2017,7,1,各地,35.0,16200.0,3468.0,1188,140,692,2017-07-1
2017,7,2,各地,31.4,30240.0,4763.0,1080,126,693,2017-07-2
2017,7,3,各地,24.8,16740.0,5729.0,1944,99,694,2017-07-3
2017,7,4,各地,23.6,18900.0,6061.0,2160,94,695,2017-07-4
2017,8,1,各地,33.2,12960.0,4704.0,1620,133,696,2017-08-1
2017,8,2,各地,38.9,12960.0,2443.0,1080,156,697,2017-08-2
2017,8,3,各地,36.4,21600.0,5988.0,1944,146,698,2017-08-3
2017,8,4,各地,27.4,20520.0,6759.0,1296,110,699,2017-08-4
2017,8,5,各地,27.3,8640.0,4582.0,2160,109,700,2017-08-5
2017,9,1,各地,29.2,14580.0,5370.0,2160,117,701,2017-09-1
2017,9,2,各地,31.4,21600.0,5276.0,1620,126,702,2017-09-2
2017,9,3,各地,33.5,17820.0,5119.0,1404,134,703,2017-09-3
2017,9,4,各地,32.6,12960.0,4722.0,2376,130,704,2017-09-4
2017,10,1,各地,38.4,12960.0,5802.0,1404,154,705,2017-10-1
2017,10,2,各地,37.7,16200.0,5288.0,2376,151,706,2017-10-2
2017,10,3,各地,27.2,16200.0,5921.0,2808,109,707,2017-10-3
2017,10,4,各地,25.8,17280.0,6270.0,2700,103,708,2017-10-4
2017,10,5,各地,28.2,14040.0,7178.0,1620,113,709,2017-10-5
2017,11,1,各地,36.5,21600.0,8356.0,2160,146,710,2017-11-1
2017,11,2,各地,33.2,21600.0,7666.0,1836,133,711,2017-11-2
2017,11,3,各地,29.6,19440.0,6711.0,1836,118,712,2017-11-3
2017,11,4,各地,31.4,14040.0,8239.0,2700,126,713,2017-11-4
2017,12,1,各地,39.1,17280.0,7769.0,1728,156,714,2017-12-1
2017,12,2,各地,32.4,18360.0,7124.0,1404,130,715,2017-12-2
2017,12,3,各地,43.7,18360.0,9066.0,1620,175,716,2017-12-3
2017,12,4,各地,51.9,30240.0,10880.0,1620,208,717,2017-12-4
2018,1,1,各地,48.6,172800.0,7710.0,2484,194,718,2018-01-1
2018,1,2,各地,27.2,16200.0,6733.0,2376,109,719,2018-01-2
2018,1,3,各地,28.0,20520.0,7265.0,2160,112,720,2018-01-3
2018,1,4,各地,34.1,24840.0,7132.0,2160,136,721,2018-01-4
2018,2,1,各地,40.0,18360.0,4452.0,1944,160,722,2018-02-1
2018,2,2,各地,33.4,19440.0,5036.0,1944,134,723,2018-02-2
2018,2,3,各地,32.1,29160.0,5990.0,1620,128,724,2018-02-3
2018,2,4,各地,32.7,18900.0,6692.0,1080,131,725,2018-02-4
2018,3,1,各地,36.8,27000.0,6687.0,1944,147,726,2018-03-1
2018,3,2,各地,30.8,28080.0,7957.0,1944,123,727,2018-03-2
2018,3,3,各地,34.5,28080.0,12766.0,2160,138,728,2018-03-3
2018,3,4,各地,37.1,29160.0,7773.0,1944,148,729,2018-03-4
2018,4,1,各地,44.7,15120.0,7104.0,1944,179,730,2018-04-1
2018,4,2,各地,37.0,12960.0,5101.0,1080,148,731,2018-04-2
2018,4,3,各地,43.0,21600.0,5304.0,1080,172,732,2018-04-3
2018,4,4,各地,48.2,12960.0,4420.0,1620,193,733,2018-04-4
2018,5,2,各地,44.8,18360.0,5689.0,1512,179,734,2018-05-2
2018,5,3,各地,39.8,16200.0,4174.0,1620,159,735,2018-05-3
2018,5,4,各地,39.0,14580.0,3657.0,1620,156,736,2018-05-4
2018,5,5,各地,31.4,14040.0,4693.0,1188,126,737,2018-05-5
2018,6,1,各地,47.6,16200.0,4332.0,1728,190,738,2018-06-1
2018,6,2,各地,56.8,20520.0,2251.0,1080,227,739,2018-06-2
2018,6,3,各地,81.8,8640.0,2104.0,1080,327,740,2018-06-3
2018,6,4,各地,53.6,18360.0,2219.0,1188,214,741,2018-06-4
2018,7,1,各地,37.7,16200.0,3802.0,1404,151,742,2018-07-1
2018,7,2,各地,36.1,7020.0,2400.0,1404,144,743,2018-07-2
2018,7,3,各地,32.6,4644.0,2632.0,1620,130,744,2018-07-3
2018,7,4,各地,30.8,24840.0,7132.0,1404,123,745,2018-07-4
2018,8,1,各地,27.3,15120.0,5851.0,1620,109,746,2018-08-1
2018,8,2,各地,30.9,16200.0,7475.0,2160,124,747,2018-08-2
2018,8,4,各地,36.0,27000.0,7943.0,1944,144,748,2018-08-4
2018,8,5,各地,31.0,22680.0,6373.0,2484,124,749,2018-08-5
2018,9,1,各地,34.2,18360.0,9492.0,1080,137,750,2018-09-1
2018,9,2,各地,34.2,21600.0,9516.0,1260,137,751,2018-09-2
2018,9,3,各地,37.2,23760.0,7238.0,1944,149,752,2018-09-3
2018,9,4,各地,32.7,21600.0,7616.0,2160,131,753,2018-09-4
2018,10,1,各地,30.8,19440.0,8076.0,3240,123,754,2018-10-1
2018,10,3,各地,35.1,22680.0,9357.0,2376,140,755,2018-10-3
2018,10,4,各地,29.7,18360.0,8159.0,1620,119,756,2018-10-4
2018,10,5,各地,30.5,17280.0,7547.0,2160,122,757,2018-10-5
2018,11,1,各地,39.2,23760.0,12204.0,2160,157,758,2018-11-1
2018,11,2,各地,32.9,21600.0,8773.0,1620,132,759,2018-11-2
2018,11,3,各地,30.6,18360.0,8302.0,2376,122,760,2018-11-3
2018,11,4,各地,28.6,21600.0,10086.0,2160,114,761,2018-11-4
2018,12,1,各地,34.7,18360.0,9781.0,1944,139,762,2018-12-1
2018,12,2,各地,38.1,20520.0,8348.0,2160,152,763,2018-12-2
2018,12,3,各地,40.0,19440.0,8125.0,1944,160,764,2018-12-3
2018,12,4,各地,53.1,36720.0,9799.0,2160,212,765,2018-12-4
2019,1,1,各地,48.3,1296000.0,17733.0,1944,193,766,2019-01-1
2019,1,2,各地,31.5,17820.0,7971.0,2160,126,767,2019-01-2
2019,1,3,各地,28.0,19440.0,5588.0,1944,112,768,2019-01-3
2019,1,4,各地,34.8,20520.0,7471.0,1620,139,769,2019-01-4
2019,2,1,各地,32.3,17820.0,5514.0,1944,129,770,2019-02-1
2019,2,2,各地,33.8,16740.0,4711.0,1944,135,771,2019-02-2
2019,2,3,各地,31.9,23760.0,5054.0,1836,128,772,2019-02-3
2019,2,4,各地,32.9,23760.0,5678.0,1620,132,773,2019-02-4
2019,3,1,各地,35.9,18900.0,4409.0,1296,144,774,2019-03-1
2019,3,2,各地,36.9,19440.0,7115.0,1944,148,775,2019-03-2
2019,3,3,各地,34.1,25380.0,5227.0,2160,136,776,2019-03-3
2019,3,4,各地,38.8,18360.0,5770.0,1944,155,777,2019-03-4
2019,4,1,各地,40.5,21600.0,5208.0,2160,162,778,2019-04-1
2019,4,2,各地,40.0,18900.0,7603.0,1620,160,779,2019-04-2
2019,4,3,各地,39.3,19440.0,9060.0,2700,157,780,2019-04-3
2019,4,4,各地,57.1,17280.0,4305.0,1188,228,781,2019-04-4
2019,5,1,各地,36.9,15660.0,5545.0,1620,148,782,2019-05-1
2019,5,2,各地,39.3,19440.0,3096.0,1404,157,783,2019-05-2
2019,5,3,各地,32.0,19980.0,4779.0,1404,128,784,2019-05-3
2019,5,4,各地,30.5,26460.0,7643.0,2160,122,785,2019-05-4
2019,6,1,各地,42.7,16200.0,4876.0,1404,171,786,2019-06-1
2019,6,2,各地,45.3,15660.0,3394.0,1620,181,787,2019-06-2
2019,6,3,各地,52.8,31320.0,3056.0,1080,211,788,2019-06-3
2019,6,4,各地,44.9,21060.0,2737.0,1512,180,789,2019-06-4
2019,7,1,各地,34.6,14580.0,3865.0,1620,138,790,2019-07-1
2019,7,2,各地,40.8,23760.0,4342.0,1296,163,791,2019-07-2
2019,7,3,各地,36.8,23220.0,8729.0,1512,147,792,2019-07-3
2019,7,4,各地,33.7,21060.0,6860.0,1404,135,793,2019-07-4
2019,7,5,各地,32.2,25920.0,8076.0,1620,129,794,2019-07-5
2019,8,1,各地,40.9,19980.0,3755.0,1620,164,795,2019-08-1
2019,8,2,各地,39.3,7560.0,3996.0,2484,157,796,2019-08-2
2019,8,3,各地,36.1,35640.0,8522.0,1620,144,797,2019-08-3
2019,8,4,各地,30.2,17820.0,6067.0,2160,121,798,2019-08-4
2019,9,1,各地,33.4,17280.0,6466.0,2160,134,799,2019-09-1
2019,9,2,各地,37.5,21600.0,7591.0,1620,150,800,2019-09-2
2019,9,3,各地,39.5,15120.0,5138.0,2160,158,801,2019-09-3
2019,9,4,各地,33.4,28080.0,6314.0,1620,134,802,2019-09-4
2019,9,5,各地,41.4,24840.0,5154.0,1836,166,803,2019-09-5
2019,10,1,各地,38.4,15120.0,5598.0,1944,154,804,2019-10-1
2019,10,2,各地,32.2,19440.0,8941.0,2700,129,805,2019-10-2
2019,10,3,各地,33.7,16740.0,8636.0,2160,135,806,2019-10-3
2019,10,4,各地,29.6,21600.0,8473.0,2376,118,807,2019-10-4
2019,11,1,各地,35.7,17820.0,8599.0,1620,143,808,2019-11-1
2019,11,2,各地,32.4,17820.0,6281.0,2376,130,809,2019-11-2
2019,11,3,各地,30.3,25920.0,9599.0,1944,121,810,2019-11-3
2019,11,4,各地,38.1,16740.0,8432.0,3240,152,811,2019-11-4
2019,12,1,各地,35.5,18900.0,8380.0,2160,142,812,2019-12-1
2019,12,2,各地,41.0,27000.0,10601.0,2700,164,813,2019-12-2
2019,12,3,各地,36.8,16740.0,7063.0,2700,147,814,2019-12-3
2019,12,4,各地,47.7,41040.0,6962.0,2700,191,815,2019-12-4
2020,1,1,各地,48.1,756000.0,11335.0,2160,192,816,2020-01-1
2020,1,2,各地,33.4,17820.0,6991.0,2160,134,817,2020-01-2
2020,1,3,各地,34.3,30240.0,6669.0,2160,137,818,2020-01-3
2020,1,4,各地,30.4,29160.0,6188.0,2376,122,819,2020-01-4
2020,2,1,各地,38.1,18360.0,4995.0,2052,152,820,2020-02-1
2020,2,2,各地,33.1,16200.0,5049.0,2160,132,821,2020-02-2
2020,2,3,各地,38.4,13500.0,4833.0,1944,154,822,2020-02-3
2020,2,4,各地,33.9,12960.0,4134.0,2160,136,823,2020-02-4
2020,3,1,各地,34.2,18360.0,4068.0,2160,137,824,2020-03-1
2020,3,2,各地,25.5,18900.0,3578.0,1944,102,825,2020-03-2
2020,3,3,各地,24.7,19980.0,3415.0,1944,99,826,2020-03-3
2020,3,4,各地,34.6,18900.0,4217.0,1836,138,827,2020-03-4
2020,3,5,各地,29.5,11016.0,3647.0,1944,118,828,2020-03-5
2020,4,1,各地,23.8,8964.0,3201.0,1404,95,829,2020-04-1
2020,4,2,各地,19.7,6804.0,2910.0,1728,79,830,2020-04-2
2020,4,3,各地,16.9,5400.0,3018.0,1620,68,831,2020-04-3
2020,4,4,各地,19.8,10800.0,3520.0,2160,79,832,2020-04-4
2020,5,2,各地,26.2,8640.0,3241.0,1404,105,833,2020-05-2
2020,5,3,各地,36.1,7020.0,2941.0,1404,144,834,2020-05-3
2020,5,4,各地,25.1,10800.0,3592.0,1620,100,835,2020-05-4
2020,6,1,各地,28.6,16740.0,4938.0,2160,114,836,2020-06-1
2020,6,2,各地,54.0,16200.0,2690.0,1512,216,837,2020-06-2
2020,6,3,各地,49.7,10800.0,2696.0,1080,199,838,2020-06-3
2020,6,4,各地,55.7,8100.0,2447.0,1296,223,839,2020-06-4
2020,6,5,各地,42.8,15120.0,2401.0,1404,171,840,2020-06-5
2020,7,1,各地,39.5,18900.0,2852.0,1620,158,841,2020-07-1
2020,7,2,各地,43.8,14040.0,3428.0,1512,175,842,2020-07-2
2020,7,3,各地,36.9,19440.0,3810.0,1080,148,843,2020-07-3
2020,7,4,各地,28.6,18360.0,6033.0,1944,114,844,2020-07-4
2020,8,1,各地,33.4,16740.0,5067.0,1620,134,845,2020-08-1
2020,8,2,各地,46.6,14580.0,4232.0,1404,186,846,2020-08-2
2020,8,3,各地,43.4,14580.0,4848.0,1404,174,847,2020-08-3
2020,8,4,各地,40.0,14040.0,3441.0,1296,160,848,2020-08-4
2020,8,5,各地,30.3,16740.0,4532.0,2160,121,849,2020-08-5
2020,9,1,各地,34.6,22680.0,4705.0,2160,138,850,2020-09-1
2020,9,2,各地,42.4,14580.0,3461.0,1836,170,851,2020-09-2
2020,9,3,各地,39.8,14040.0,4094.0,1620,159,852,2020-09-3
2020,9,4,各地,44.8,14040.0,3847.0,1944,179,853,2020-09-4
2020,10,1,各地,43.9,14580.0,3796.0,1836,176,854,2020-10-1
2020,10,2,各地,36.2,12960.0,3921.0,1620,145,855,2020-10-2
2020,10,3,各地,39.3,13500.0,4195.0,1620,157,856,2020-10-3
2020,10,4,各地,36.8,12420.0,4004.0,1296,147,857,2020-10-4
2020,11,1,各地,43.1,9720.0,4046.0,1944,172,858,2020-11-1
2020,11,2,各地,33.4,14040.0,6423.0,2160,134,859,2020-11-2
2020,11,3,各地,41.3,17820.0,5333.0,1296,165,860,2020-11-3
2020,11,4,各地,37.6,10800.0,4815.0,2160,150,861,2020-11-4
2020,11,5,各地,35.1,21600.0,6836.0,1728,140,862,2020-11-5
2020,12,1,各地,40.8,21600.0,9072.0,1944,163,863,2020-12-1
2020,12,2,各地,45.3,13500.0,5586.0,1620,181,864,2020-12-2
2020,12,3,各地,49.0,29160.0,4497.0,1728,196,865,2020-12-3
2020,12,4,各地,87.9,32400.0,8502.0,1836,352,866,2020-12-4
2021,1,1,各地,54.3,108000.0,8448.0,2160,217,867,2021-01-1
2021,1,2,各地,23.2,14040.0,7673.0,1944,93,868,2021-01-2
2021,1,3,各地,25.1,15120.0,6856.0,2160,100,869,2021-01-3
2021,1,4,各地,27.3,10800.0,4446.0,2700,109,870,2021-01-4
2021,2,1,各地,26.6,10800.0,4829.0,2160,106,871,2021-02-1
2021,2,2,各地,27.8,15660.0,4972.0,1944,111,872,2021-02-2
2021,2,3,各地,39.1,14040.0,4808.0,1944,156,873,2021-02-3
2021,2,4,各地,36.5,11340.0,4087.0,1620,146,874,2021-02-4
2021,3,1,各地,48.6,16200.0,3255.0,1620,194,875,2021-03-1
2021,3,2,各地,42.1,15660.0,3480.0,1404,168,876,2021-03-2
2021,3,3,各地,31.6,13500.0,3886.0,1620,126,877,2021-03-3
2021,3,4,各地,46.5,12960.0,4377.0,2376,186,878,2021-03-4
2021,3,5,各地,40.5,17820.0,5117.0,1944,162,879,2021-03-5
2021,4,1,各地,39.4,19440.0,8659.0,1944,158,880,2021-04-1
2021,4,2,各地,42.2,15660.0,4578.0,1944,169,881,2021-04-2
2021,4,3,各地,38.9,11340.0,3545.0,1620,156,882,2021-04-3
2021,4,4,各地,36.8,17820.0,4586.0,2700,147,883,2021-04-4
2021,5,1,各地,49.6,13500.0,5152.0,2160,198,884,2021-05-1
2021,5,2,各地,46.0,13500.0,3667.0,1404,184,885,2021-05-2
2021,5,3,各地,36.8,10584.0,3126.0,1620,147,886,2021-05-3
2021,5,4,各地,29.2,10584.0,3422.0,1296,117,887,2021-05-4
2021,5,5,各地,45.9,16200.0,4218.0,1512,184,888,2021-05-5
2021,6,1,各地,61.7,8640.0,2454.0,1404,247,889,2021-06-1
2021,6,2,各地,46.3,11880.0,2997.0,1728,185,890,2021-06-2
2021,6,3,各地,54.9,15120.0,2779.0,1080,220,891,2021-06-3
2021,6,4,各地,52.8,11340.0,2457.0,1296,211,892,2021-06-4
2021,7,1,各地,47.8,16200.0,3040.0,1188,191,893,2021-07-1
2021,7,2,各地,47.1,15120.0,3726.0,1620,188,894,2021-07-2
2021,7,3,各地,46.4,18360.0,3503.0,1080,186,895,2021-07-3
2021,7,4,各地,38.1,12960.0,4025.0,1620,152,896,2021-07-4
2021,8,1,各地,44.5,14580.0,3143.0,1404,178,897,2021-08-1
2021,8,2,各地,47.3,16740.0,4946.0,2160,189,898,2021-08-2
2021,8,3,各地,40.9,14580.0,5188.0,2160,164,899,2021-08-3
2021,8,4,各地,34.6,16200.0,8305.0,1620,138,900,2021-08-4
2021,8,5,各地,28.2,12420.0,4574.0,2160,113,901,2021-08-5
2021,9,1,各地,47.5,11880.0,3600.0,1296,190,902,2021-09-1
2021,9,2,各地,42.2,12960.0,3513.0,1620,169,903,2021-09-2
2021,9,3,各地,38.7,12960.0,5137.0,1836,155,904,2021-09-3
2021,9,4,各地,42.4,10800.0,5358.0,1944,170,905,2021-09-4
2021,10,1,各地,45.1,12420.0,3109.0,1620,180,906,2021-10-1
2021,10,2,各地,50.4,15660.0,3543.0,1080,202,907,2021-10-2
2021,10,3,各地,42.3,8640.0,4310.0,1944,169,908,2021-10-3
2021,10,4,各地,41.5,10800.0,5756.0,1944,166,909,2021-10-4
2021,11,1,各地,43.5,8640.0,3961.0,1620,174,910,2021-11-1
2021,11,2,各地,40.5,13500.0,4181.0,1296,162,911,2021-11-2
2021,11,3,各地,44.1,12960.0,5594.0,2376,176,912,2021-11-3
2021,11,4,各地,46.5,12960.0,4895.0,2376,186,913,2021-11-4
2021,11,5,各地,38.3,15660.0,5088.0,2160,153,914,2021-11-5
2021,12,1,各地,59.8,15660.0,5360.0,2376,239,915,2021-12-1
2021,12,2,各地,48.8,12960.0,4796.0,2160,195,916,2021-12-2
2021,12,3,各地,46.9,15660.0,6959.0,2160,188,917,2021-12-3
2021,12,4,各地,79.1,21600.0,5363.0,2484,316,918,2021-12-4
2022,1,1,各地,63.6,,5352.0,2160,254,919,2022-01-1
2022,1,2,各地,33.2,15660.0,4690.0,1836,133,920,2022-01-2
2022,1,3,各地,27.5,14580.0,4974.0,2160,110,921,2022-01-3
2022,1,4,各地,34.6,8640.0,3816.0,2160,138,922,2022-01-4
2022,1,5,各地,33.4,8964.0,3853.0,2160,134,923,2022-01-5
2022,2,1,各地,35.5,14580.0,8026.0,1836,142,924,2022-02-1
2022,2,2,各地,37.2,12960.0,3569.0,1836,149,925,2022-02-2
2022,2,3,各地,35.4,10800.0,3227.0,1728,142,926,2022-02-3
2022,2,4,各地,55.6,8640.0,3386.0,1620,222,927,2022-02-4
2022,3,1,各地,38.9,8640.0,3587.0,1836,156,928,2022-03-1
2022,3,2,各地,35.7,15120.0,3824.0,1944,143,929,2022-03-2
2022,3,3,各地,37.3,15660.0,4297.0,2160,149,930,2022-03-3
2022,3,4,各地,31.2,16200.0,4828.0,2160,125,931,2022-03-4
2022,4,1,各地,39.9,14040.0,4589.0,2160,160,932,2022-04-1
2022,4,2,各地,40.9,15120.0,4640.0,2160,164,933,2022-04-2
2022,4,3,各地,43.1,16200.0,4706.0,2160,172,934,2022-04-3
2022,4,4,各地,44.8,19440.0,5355.0,2160,179,935,2022-04-4
2022,5,1,各地,58.9,12420.0,3426.0,1296,236,936,2022-05-1
2022,5,2,各地,58.7,10044.0,3274.0,1620,235,937,2022-05-2
2022,5,3,各地,43.7,9180.0,3424.0,1836,175,938,2022-05-3
2022,5,4,各地,39.3,17280.0,4437.0,1620,157,939,2022-05-4
2022,5,5,各地,42.6,16740.0,3409.0,1944,170,940,2022-05-5
2022,6,1,各地,46.9,12420.0,3673.0,1620,188,941,2022-06-1
2022,6,2,各地,59.8,10260.0,3396.0,1728,239,942,2022-06-2
2022,6,3,各地,58.2,7560.0,2794.0,1620,233,943,2022-06-3
2022,6,4,各地,54.3,11340.0,2978.0,1404,217,944,2022-06-4
2022,7,1,各地,54.4,19440.0,3666.0,1944,218,945,2022-07-1
2022,7,2,各地,36.4,23760.0,5212.0,2160,146,946,2022-07-2
2022,7,3,各地,32.2,17280.0,5032.0,2160,129,947,2022-07-3
2022,7,4,各地,30.7,14040.0,4840.0,2160,123,948,2022-07-4
2022,8,1,各地,29.6,17280.0,4911.0,1080,118,949,2022-08-1
2022,8,2,各地,33.0,13500.0,4407.0,1080,132,950,2022-08-2
2022,8,3,各地,38.5,22680.0,6352.0,2160,154,951,2022-08-3
2022,8,4,各地,32.4,18360.0,7013.0,2700,130,952,2022-08-4
2022,8,5,各地,37.7,14040.0,4271.0,2160,151,953,2022-08-5
2022,9,1,各地,28.8,23760.0,4958.0,1944,115,954,2022-09-1
2022,9,2,各地,38.3,19440.0,6563.0,2700,153,955,2022-09-2
2022,9,3,各地,30.1,17820.0,6253.0,2376,120,956,2022-09-3
2022,9,4,各地,39.5,15660.0,6331.0,3240,158,957,2022-09-4
2022,10,1,各地,35.4,12960.0,5936.0,2700,142,958,2022-10-1
2022,10,2,各地,38.2,12960.0,5459.0,2160,153,959,2022-10-2
2022,10,3,各地,38.5,11880.0,5592.0,2160,154,960,2022-10-3
2022,10,4,各地,40.1,22680.0,6702.0,2160,160,961,2022-10-4
2022,10,5,各地,35.5,16200.0,5683.0,2700,142,962,2022-10-5
2022,11,1,各地,32.9,16200.0,5687.0,2376,132,963,2022-11-1
2022,11,2,各地,30.9,14580.0,6574.0,2700,124,964,2022-11-2
2022,11,3,各地,31.2,14040.0,7231.0,2700,125,965,2022-11-3
2022,11,4,各地,30.1,16740.0,8979.0,3240,120,966,2022-11-4
2022,12,1,各地,32.8,15120.0,9261.0,3240,131,967,2022-12-1
2022,12,2,各地,46.1,15120.0,6646.0,2916,184,968,2022-12-2
2022,12,3,各地,34.8,15120.0,7337.0,3240,139,969,2022-12-3
2022,12,4,各地,59.4,16200.0,6496.0,2700,238,970,2022-12-4
2023,1,1,各地,87.9,183600.0,7728.0,3240,352,971,2023-01-1
2023,1,2,各地,30.7,15120.0,5150.0,2160,123,972,2023-01-2
2023,1,3,各地,29.4,9720.0,4565.0,2484,118,973,2023-01-3
2023,1,4,各地,23.4,17820.0,5212.0,2700,94,974,2023-01-4
2023,1,5,各地,28.8,15660.0,5448.0,2700,115,975,2023-01-5
2023,2,1,各地,27.6,12960.0,4620.0,2160,110,976,2023-02-1
2023,2,2,各地,31.3,10800.0,4939.0,2700,125,977,2023-02-2
2023,2,3,各地,23.6,12960.0,5622.0,2700,94,978,2023-02-3
2023,2,4,各地,46.8,15660.0,5163.0,2484,187,979,2023-02-4
2023,3,1,各地,34.0,14580.0,5178.0,2268,136,980,2023-03-1
2023,3,2,各地,27.2,15660.0,5741.0,3024,109,981,2023-03-2
2023,3,3,各地,40.1,12960.0,5369.0,2916,160,982,2023-03-3
2023,3,4,各地,28.5,13500.0,5163.0,2160,114,983,2023-03-4
2023,4,1,各地,45.2,16740.0,5621.0,2916,181,984,2023-04-1
2023,4,2,各地,32.2,15120.0,5092.0,2376,129,985,2023-04-2
2023,4,3,各地,37.1,14040.0,5021.0,2700,148,986,2023-04-3
2023,4,4,各地,35.7,10800.0,4594.0,2160,143,987,2023-04-4
2023,5,1,各地,42.9,12960.0,5160.0,2160,172,988,2023-05-1
2023,5,2,各地,38.6,16740.0,6403.0,2700,154,989,2023-05-2
2023,5,3,各地,48.3,16740.0,4126.0,2160,193,990,2023-05-3
2023,5,4,各地,36.3,18900.0,5788.0,2160,145,991,2023-05-4
2023,5,5,各地,45.5,16200.0,4673.0,2160,182,992,2023-05-5
2023,6,1,各地,42.9,13500.0,3939.0,2160,172,993,2023-06-1
2023,6,2,各地,59.2,12960.0,3107.0,1728,237,994,2023-06-2
2023,6,3,各地,50.2,15660.0,3392.0,1620,201,995,2023-06-3
2023,6,4,各地,41.7,22680.0,3596.0,1836,167,996,2023-06-4
2023,7,1,各地,46.8,18360.0,4243.0,2160,187,997,2023-07-1
2023,7,2,各地,36.2,19980.0,6802.0,1944,145,998,2023-07-2
2023,7,3,各地,39.0,20520.0,5510.0,1512,156,999,2023-07-3
2023,7,4,各地,30.6,19980.0,5902.0,2160,122,1000,2023-07-4
2023,7,5,各地,30.6,21600.0,6191.0,2376,122,1001,2023-07-5
2023,8,1,各地,34.6,27000.0,6902.0,2160,138,1002,2023-08-1
2023,8,2,各地,34.0,21600.0,10175.0,3780,136,1003,2023-08-2
2023,8,3,各地,33.3,21600.0,8219.0,2160,133,1004,2023-08-3
2023,8,4,各地,27.4,41045.0,5874.0,2160,110,1005,2023-08-4
2023,9,1,各地,30.0,15660.0,8098.0,2160,120,1006,2023-09-1
2023,9,2,各地,32.5,15120.0,8328.0,2376,130,1007,2023-09-2
2023,9,3,各地,37.3,15660.0,7841.0,2160,149,1008,2023-09-3
2023,9,4,各地,38.5,14040.0,5275.0,2700,154,1009,2023-09-4
2023,10,1,各地,38.7,16740.0,5216.0,2700,155,1010,2023-10-1
2023,10,2,各地,42.8,12960.0,4623.0,1944,171,1011,2023-10-2
2023,10,3,各地,36.6,14580.0,5880.0,2160,146,1012,2023-10-3
2023,10,4,各地,41.2,11880.0,5926.0,2916,165,1013,2023-10-4
2023,10,5,各地,41.4,10800.0,5744.0,2160,166,1014,2023-10-5
2023,11,1,各地,40.0,12960.0,5488.0,2484,160,1015,2023-11-1
2023,11,2,各地,38.1,15660.0,5431.0,2592,152,1016,2023-11-2
2023,11,3,各地,37.0,18900.0,9039.0,3456,148,1017,2023-11-3
2023,11,4,各地,38.9,12960.0,6304.0,2160,156,1018,2023-11-4
2023,12,1,各地,48.5,12960.0,5412.0,2160,194,1019,2023-12-1
2023,12,2,各地,41.0,21600.0,5644.0,3024,164,1020,2023-12-2
2023,12,3,各地,45.8,16200.0,7083.0,2700,183,1021,2023-12-3
2023,12,4,各地,68.0,16740.0,7366.0,2484,272,1022,2023-12-4
